gamma_AERAUS.0723.00001	Present
gamma_AERHYD.0723.00019	Present
gamma_AERHYD.0723.00064	Present
gamma_AERJAN.0723.00001	Present
gamma_AERJAN.0723.00002	Present
gamma_AERJAN.0723.00003	Present
gamma_AERJAN.0723.00004	Present
gamma_AERJAN.0723.00005	Present
gamma_AERJAN.0723.00008	Present
gamma_AERMED.0723.00002	Present
gamma_AERMED.0723.00003	Present
gamma_AERMED.0723.00012	Present
gamma_AERRIV.0723.00001	Present
gamma_AERRIV.0723.00002	Present
gamma_AERSAN.0723.00001	Present
gamma_AERSP..0723.00014	Present
gamma_AERSP..0723.00015	Present
gamma_AERSP..0723.00016	Present
gamma_AERSP..0723.00017	Present
gamma_AERSP..0723.00019	Present
gamma_AERSP..0723.00025	Present
gamma_AERSP..0723.00027	Present
gamma_AERVER.0723.00001	Present
gamma_AERVER.0723.00002	Present
gamma_AERVER.0723.00004	Present
gamma_AERVER.0723.00005	Present
gamma_AERVER.0723.00006	Present
gamma_AERVER.0723.00007	Present
gamma_AERVER.0723.00008	Present
gamma_AERVER.0723.00009	Present
gamma_AERVER.0723.00010	Present
gamma_AERVER.0723.00011	Present
gamma_AERVER.0723.00012	Present
gamma_AERVER.0723.00013	Present
gamma_AERVER.0723.00014	Present
gamma_AERVER.0723.00015	Present
gamma_AERVER.0723.00018	Present
gamma_AERVER.0723.00023	Present
gamma_AERVER.0723.00026	Present
gamma_AERVER.0723.00027	Present
gamma_AERVER.0723.00028	Present
gamma_AERVER.0723.00029	Present
gamma_AERVER.0723.00030	Present
gamma_AERVER.0723.00031	Present
gamma_AERVER.0723.00032	Present
gamma_AERVER.0723.00033	Present
gamma_AERVER.0723.00034	Present
gamma_AERVER.0723.00035	Present
gamma_AERVER.0723.00038	Present
gamma_AERVER.0723.00039	Present
gamma_AERVER.0723.00040	Present
gamma_AERVER.0723.00041	Present
gamma_AERVER.0723.00043	Present
gamma_AERVER.0723.00044	Present
gamma_AERVER.0723.00047	Present
gamma_AERVER.0723.00048	Present
gamma_AERVER.0723.00049	Present
gamma_AERVER.0723.00050	Present
gamma_AERVER.0723.00052	Present
gamma_AERVER.0723.00053	Present
gamma_ALCSP..0723.00002	Present
gamma_AMPJAP.0723.00001	Present
gamma_BRERUB.0723.00001	Present
gamma_BUTAGR.0723.00001	Present
gamma_BUTFER.0723.00001	Present
gamma_BUTSP..0723.00001	Present
gamma_CHRSAL.0723.00001	Present
gamma_CITARS.0723.00001	Present
gamma_CITBRA.0723.00004	Present
gamma_CITBRA.0723.00009	Present
gamma_CITBRA.0723.00019	Present
gamma_CITCRO.0723.00005	Present
gamma_CITFRE.0723.00001	Present
gamma_CITFRE.0723.00003	Present
gamma_CITFRE.0723.00006	Present
gamma_CITFRE.0723.00011	Present
gamma_CITFRE.0723.00054	Present
gamma_CITKOS.0723.00002	Present
gamma_CITPAS.0723.00001	Present
gamma_CITPAS.0723.00002	Present
gamma_CITPOR.0723.00008	Present
gamma_CITSED.0723.00001	Present
gamma_CITSP..0723.00001	Present
gamma_CITSP..0723.00004	Present
gamma_CITSP..0723.00005	Present
gamma_CITSP..0723.00021	Present
gamma_CITSP..0723.00032	Present
gamma_CITSP..0723.00037	Present
gamma_CITSP..0723.00041	Present
gamma_CITSP..0723.00043	Present
gamma_CITSP..0723.00047	Present
gamma_CITTRU.0723.00001	Present
gamma_CITWER.0723.00002	Present
gamma_CITWER.0723.00004	Present
gamma_CITYOU.0723.00001	Present
gamma_CONLIT.0723.00001	Present
gamma_DOKKOR.0723.00001	Present
gamma_DYEJAP.0723.00001	Present
gamma_[ENLIG.0723.00001	Present
gamma_ENTASB.0723.00002	Present
gamma_ENTASB.0723.00004	Present
gamma_ENTASB.0723.00005	Present
gamma_ENTASB.0723.00007	Present
gamma_ENTASB.0723.00011	Present
gamma_ENTASB.0723.00014	Present
gamma_ENTASB.0723.00017	Present
gamma_ENTASB.0723.00022	Present
gamma_ENTASB.0723.00027	Present
gamma_ENTASB.0723.00029	Present
gamma_ENTBUG.0723.00003	Present
gamma_ENTCAN.0723.00003	Present
gamma_ENTCHE.0723.00001	Present
gamma_ENTCLO.0723.00001	Present
gamma_ENTCLO.0723.00003	Present
gamma_ENTCLO.0723.00005	Present
gamma_ENTCLO.0723.00008	Present
gamma_ENTCLO.0723.00014	Present
gamma_ENTCLO.0723.00017	Present
gamma_ENTCLO.0723.00022	Present
gamma_ENTCLO.0723.00030	Present
gamma_ENTCLO.0723.00037	Present
gamma_ENTCLO.0723.00039	Present
gamma_ENTCLO.0723.00041	Present
gamma_ENTCLO.0723.00043	Present
gamma_ENTCLO.0723.00044	Present
gamma_ENTCLO.0723.00045	Present
gamma_ENTCLO.0723.00047	Present
gamma_ENTCLO.0723.00069	Present
gamma_ENTCLO.0723.00079	Present
gamma_ENTHOR.0723.00007	Present
gamma_ENTHOR.0723.00009	Present
gamma_ENTHOR.0723.00020	Present
gamma_ENTHUA.0723.00001	Present
gamma_ENTKOB.0723.00008	Present
gamma_ENTKOB.0723.00010	Present
gamma_ENTLUD.0723.00011	Present
gamma_ENTMOR.0723.00002	Present
gamma_ENTMOR.0723.00003	Present
gamma_ENTMOR.0723.00005	Present
gamma_ENTMOR.0723.00006	Present
gamma_ENTMOR.0723.00007	Present
gamma_ENTOLI.0723.00001	Present
gamma_ENTPSE.0723.00001	Present
gamma_ENTQUA.0723.00001	Present
gamma_ENTROG.0723.00032	Present
gamma_ENTROG.0723.00040	Present
gamma_ENTSIC.0723.00001	Present
gamma_ENTSOL.0723.00001	Present
gamma_ENTSP..0723.00005	Present
gamma_ENTSP..0723.00008	Present
gamma_ENTSP..0723.00009	Present
gamma_ENTSP..0723.00014	Present
gamma_ENTSP..0723.00015	Present
gamma_ENTSP..0723.00018	Present
gamma_ENTSP..0723.00019	Present
gamma_ENTSP..0723.00021	Present
gamma_ENTSP..0723.00031	Present
gamma_ENTSP..0723.00034	Present
gamma_ENTSP..0723.00039	Present
gamma_ENTSP..0723.00040	Present
gamma_ENTSP..0723.00044	Present
gamma_ERWBIL.0723.00001	Present
gamma_ERWPER.0723.00003	Present
gamma_ERWSP..0723.00004	Present
gamma_ESCCOL.0723.02099	Present
gamma_ESCCOL.0723.02103	Present
gamma_EWIAME.0723.00001	Present
gamma_FERSP..0723.00001	Present
gamma_HAFALV.0723.00006	Present
gamma_HAFPAR.0723.00002	Present
gamma_HAFPAR.0723.00004	Present
gamma_HALALK.0723.00002	Present
gamma_HALBEI.0723.00001	Present
gamma_HALBIN.0723.00001	Present
gamma_HALCAM.0723.00001	Present
gamma_HALELO.0723.00001	Present
gamma_HALHAL.0723.00003	Present
gamma_HALHUA.0723.00001	Present
gamma_HALSOC.0723.00001	Present
gamma_HALSP..0723.00002	Present
gamma_HALSP..0723.00005	Present
gamma_HALSP..0723.00007	Present
gamma_HALSP..0723.00023	Present
gamma_HALSP..0723.00027	Present
gamma_HALSP..0723.00028	Present
gamma_HALSP..0723.00030	Present
gamma_HALSP..0723.00035	Present
gamma_HALSP..0723.00036	Present
gamma_HALSP..0723.00042	Present
gamma_HALSUL.0723.00001	Present
gamma_HALSUL.0723.00002	Present
gamma_IDIABY.0723.00001	Present
gamma_IDISP..0723.00002	Present
gamma_KLEAER.0723.00007	Present
gamma_KLEAER.0723.00045	Present
gamma_KLEAFR.0723.00001	Present
gamma_KLEGRI.0723.00004	Present
gamma_KLEHUA.0723.00001	Present
gamma_KLEMIC.0723.00004	Present
gamma_KLEMIC.0723.00020	Present
gamma_KLEMIC.0723.00035	Present
gamma_KLEOXY.0723.00001	Present
gamma_KLEOXY.0723.00013	Present
gamma_KLEOXY.0723.00014	Present
gamma_KLEPAS.0723.00002	Present
gamma_KLEPNE.0723.00003	Present
gamma_KLEPNE.0723.00202	Present
gamma_KLEPNE.0723.00832	Present
gamma_KLEQUA.0723.00015	Present
gamma_KLEQUA.0723.00051	Present
gamma_KLEQUA.0723.00057	Present
gamma_KLESP..0723.00001	Present
gamma_KLESP..0723.00003	Present
gamma_KLESP..0723.00004	Present
gamma_KLESP..0723.00005	Present
gamma_KLESP..0723.00006	Present
gamma_KLESP..0723.00011	Present
gamma_KLESP..0723.00013	Present
gamma_KLEVAR.0723.00025	Present
gamma_KLUASC.0723.00001	Present
gamma_KLUASC.0723.00002	Present
gamma_KLUGEN.0723.00001	Present
gamma_KLUINT.0723.00003	Present
gamma_KLUSP..0723.00001	Present
gamma_LACALK.0723.00001	Present
gamma_LECADE.0723.00003	Present
gamma_LECADE.0723.00006	Present
gamma_LECADE.0723.00011	Present
gamma_LECADE.0723.00012	Present
gamma_LECSP..0723.00002	Present
gamma_LECSP..0723.00004	Present
gamma_LECSP..0723.00005	Present
gamma_LECSP..0723.00006	Present
gamma_LUTCHE.0723.00001	Present
gamma_LYSALK.0723.00001	Present
gamma_LYSSP..0723.00006	Present
gamma_MARSAL.0723.00002	Present
gamma_MARSAL.0723.00003	Present
gamma_MARSP..0723.00005	Present
gamma_MARSP..0723.00006	Present
gamma_MARSP..0723.00008	Present
gamma_MARSP..0723.00022	Present
gamma_METKOY.0723.00001	Present
gamma_METSP..0723.00004	Present
gamma_MICCEL.0723.00001	Present
gamma_MICSP..0723.00009	Present
gamma_MICVAR.0723.00001	Present
gamma_MORSP..0723.00001	Present
gamma_NEPJAP.0723.00001	Present
gamma_[PABEI.0723.00001	Present
gamma_PANSP..0723.00004	Present
gamma_PERAGG.0723.00001	Present
gamma_PRAFON.0723.00002	Present
gamma_PSEAER.0723.00003	Present
gamma_PSEAER.0723.00007	Present
gamma_PSEAER.0723.00142	Present
gamma_PSEAER.0723.00552	Present
gamma_PSEALI.0723.00002	Present
gamma_PSEALK.0723.00001	Present
gamma_PSEALL.0723.00001	Present
gamma_PSEAZE.0723.00001	Present
gamma_PSEBRE.0723.00001	Present
gamma_PSEBRE.0723.00002	Present
gamma_PSECAV.0723.00001	Present
gamma_PSECHL.0723.00001	Present
gamma_PSECHL.0723.00004	Present
gamma_PSECHL.0723.00005	Present
gamma_PSECHL.0723.00016	Present
gamma_PSECHL.0723.00022	Present
gamma_PSECHL.0723.00023	Present
gamma_PSECHL.0723.00025	Present
gamma_PSECHL.0723.00041	Present
gamma_PSECHL.0723.00048	Present
gamma_PSECHL.0723.00070	Present
gamma_PSECHL.0723.00074	Present
gamma_PSECIT.0723.00001	Present
gamma_PSECIT.0723.00002	Present
gamma_PSECIT.0723.00003	Present
gamma_PSECOR.0723.00006	Present
gamma_PSEDEN.0723.00001	Present
gamma_PSEDON.0723.00001	Present
gamma_PSEFLU.0723.00008	Present
gamma_PSEFLU.0723.00011	Present
gamma_PSEFLU.0723.00032	Present
gamma_PSEFLU.0723.00033	Present
gamma_PSEFLU.0723.00040	Present
gamma_PSEFRE.0723.00002	Present
gamma_PSEIZU.0723.00001	Present
gamma_PSEKIE.0723.00001	Present
gamma_PSELAL.0723.00002	Present
gamma_PSELAU.0723.00001	Present
gamma_PSELIN.0723.00001	Present
gamma_PSELUN.0723.00002	Present
gamma_PSEMIG.0723.00001	Present
gamma_PSEMIG.0723.00002	Present
gamma_PSEMUL.0723.00001	Present
gamma_PSEPAR.0723.00003	Present
gamma_PSEPHR.0723.00001	Present
gamma_PSEPRO.0723.00003	Present
gamma_PSEPRO.0723.00012	Present
gamma_PSEPRO.0723.00016	Present
gamma_PSEPUT.0723.00013	Present
gamma_PSEQIN.0723.00001	Present
gamma_PSEREI.0723.00001	Present
gamma_PSESES.0723.00001	Present
gamma_PSESIL.0723.00001	Present
gamma_PSESP..0723.00002	Present
gamma_PSESP..0723.00004	Present
gamma_PSESP..0723.00012	Present
gamma_PSESP..0723.00015	Present
gamma_PSESP..0723.00018	Present
gamma_PSESP..0723.00024	Present
gamma_PSESP..0723.00025	Present
gamma_PSESP..0723.00027	Present
gamma_PSESP..0723.00036	Present
gamma_PSESP..0723.00045	Present
gamma_PSESP..0723.00054	Present
gamma_PSESP..0723.00068	Present
gamma_PSESP..0723.00070	Present
gamma_PSESP..0723.00075	Present
gamma_PSESP..0723.00079	Present
gamma_PSESP..0723.00086	Present
gamma_PSESP..0723.00094	Present
gamma_PSESP..0723.00096	Present
gamma_PSESP..0723.00098	Present
gamma_PSESP..0723.00103	Present
gamma_PSESP..0723.00107	Present
gamma_PSESP..0723.00118	Present
gamma_PSESP..0723.00128	Present
gamma_PSESP..0723.00130	Present
gamma_PSESP..0723.00138	Present
gamma_PSESP..0723.00146	Present
gamma_PSESP..0723.00179	Present
gamma_PSESP..0723.00180	Present
gamma_PSESP..0723.00181	Present
gamma_PSESP..0723.00195	Present
gamma_PSESP..0723.00198	Present
gamma_PSESP..0723.00205	Present
gamma_PSESP..0723.00216	Present
gamma_PSESP..0723.00218	Present
gamma_PSESP..0723.00221	Present
gamma_PSESP..0723.00223	Present
gamma_PSESP..0723.00226	Present
gamma_PSESP..0723.00227	Present
gamma_PSESP..0723.00236	Present
gamma_PSESP..0723.00237	Present
gamma_PSESP..0723.00243	Present
gamma_PSESP..0723.00247	Present
gamma_PSESP..0723.00253	Present
gamma_PSESP..0723.00254	Present
gamma_PSESP..0723.00256	Present
gamma_PSESP..0723.00265	Present
gamma_PSESP..0723.00271	Present
gamma_PSESP..0723.00289	Present
gamma_PSESP..0723.00303	Present
gamma_PSESPI.0723.00001	Present
gamma_PSETEN.0723.00001	Present
gamma_PSETRU.0723.00001	Present
gamma_PSEUND.0723.00001	Present
gamma_PSEVAN.0723.00002	Present
gamma_PSEVIC.0723.00001	Present
gamma_PSEWAD.0723.00001	Present
gamma_PSEYAM.0723.00003	Present
gamma_RAOORN.0723.00004	Present
gamma_RAOPLA.0723.00001	Present
gamma_RAOSP..0723.00003	Present
gamma_RAOTER.0723.00001	Present
gamma_ROUCHA.0723.00001	Present
gamma_SALBON.0723.00003	Present
gamma_SALENT.0723.00028	Present
gamma_SALENT.0723.00030	Present
gamma_SALENT.0723.00062	Present
gamma_SALENT.0723.00458	Present
gamma_SALENT.0723.00459	Present
gamma_SALENT.0723.00847	Present
gamma_SALENT.0723.00882	Present
gamma_SALENT.0723.00986	Present
gamma_SALENT.0723.01552	Present
gamma_SALSP..0723.00001	Present
gamma_SALSP..0723.00002	Present
gamma_SCAGOE.0723.00001	Present
gamma_SERENT.0723.00001	Present
gamma_SERFIC.0723.00001	Present
gamma_SERFON.0723.00001	Present
gamma_SERFON.0723.00003	Present
gamma_SERGRI.0723.00001	Present
gamma_SERINH.0723.00001	Present
gamma_SERLIQ.0723.00001	Present
gamma_SERLIQ.0723.00008	Present
gamma_SERMAR.0723.00001	Present
gamma_SERMAR.0723.00018	Present
gamma_SERMAR.0723.00023	Present
gamma_SERMAR.0723.00041	Present
gamma_SERMAR.0723.00096	Present
gamma_SERNEM.0723.00001	Present
gamma_SERNEV.0723.00001	Present
gamma_SERPLY.0723.00012	Present
gamma_SERPLY.0723.00014	Present
gamma_SERPLY.0723.00018	Present
gamma_SERPRO.0723.00001	Present
gamma_SERPRO.0723.00002	Present
gamma_SERQUI.0723.00001	Present
gamma_SERSP..0723.00001	Present
gamma_SERSP..0723.00006	Present
gamma_SERSP..0723.00010	Present
gamma_SERSP..0723.00011	Present
gamma_SERSP..0723.00012	Present
gamma_SERSUR.0723.00001	Present
gamma_SERURE.0723.00001	Present
gamma_SHEDEN.0723.00001	Present
gamma_SHEPSY.0723.00001	Present
gamma_SHEPSY.0723.00003	Present
gamma_SHEVIO.0723.00001	Present
gamma_SHIBLA.0723.00001	Present
gamma_SHIBLA.0723.00002	Present
gamma_STEIND.0723.00003	Present
gamma_STEMAL.0723.00003	Present
gamma_STEMAL.0723.00004	Present
gamma_STEMAL.0723.00007	Present
gamma_STEMAL.0723.00011	Present
gamma_STEMAL.0723.00014	Present
gamma_STEMAL.0723.00015	Present
gamma_STEMAL.0723.00021	Present
gamma_STEMAL.0723.00022	Present
gamma_STEMAL.0723.00023	Present
gamma_STEMAL.0723.00025	Present
gamma_STEMAL.0723.00026	Present
gamma_STEMAL.0723.00029	Present
gamma_STEMAL.0723.00032	Present
gamma_STEMAL.0723.00033	Present
gamma_STEMAL.0723.00034	Present
gamma_STEMAL.0723.00035	Present
gamma_STEMAL.0723.00039	Present
gamma_STEMAL.0723.00043	Present
gamma_STEMAL.0723.00052	Present
gamma_STEMAL.0723.00058	Present
gamma_STEMAL.0723.00062	Present
gamma_STEMAL.0723.00064	Present
gamma_STEMAL.0723.00065	Present
gamma_STEMAL.0723.00069	Present
gamma_STEMAL.0723.00073	Present
gamma_STEMAL.0723.00078	Present
gamma_STEMAL.0723.00089	Present
gamma_STEMAL.0723.00091	Present
gamma_STENIT.0723.00001	Present
gamma_STEPAV.0723.00001	Present
gamma_STESP..0723.00001	Present
gamma_STESP..0723.00003	Present
gamma_STESP..0723.00017	Present
gamma_STESP..0723.00020	Present
gamma_STESP..0723.00021	Present
gamma_STESP..0723.00024	Present
gamma_STESP..0723.00025	Present
gamma_STESP..0723.00026	Present
gamma_STESP..0723.00028	Present
gamma_STESP..0723.00030	Present
gamma_STESP..0723.00034	Present
gamma_STESP..0723.00036	Present
gamma_STUSTU.0723.00012	Present
gamma_SUPSP..0723.00001	Present
gamma_THAACT.0723.00001	Present
gamma_THAATY.0723.00001	Present
gamma_THAVIR.0723.00001	Present
gamma_THINIT.0723.00001	Present
gamma_THIPAR.0723.00001	Present
gamma_VIBBAT.0723.00001	Present
gamma_VIBCHO.0723.00072	Present
gamma_VIBCOR.0723.00002	Present
gamma_VIBCOR.0723.00003	Present
gamma_VIBCOR.0723.00004	Present
gamma_VIBCOR.0723.00007	Present
gamma_VIBCOR.0723.00011	Present
gamma_VIBECH.0723.00001	Present
gamma_VIBFOR.0723.00001	Present
gamma_VIBLEN.0723.00002	Present
gamma_VIBSP..0723.00004	Present
gamma_VIBSP..0723.00024	Present
gamma_VIBTUB.0723.00002	Present
gamma_YOKREG.0723.00001	Present
gamma_ZOBDEN.0723.00001	Present
gamma_ACIBER.0723.00003	Absent
gamma_ACIFER.0723.00001	Absent
gamma_ACIIND.0723.00021	Absent
gamma_ACILAC.0723.00002	Absent
gamma_ACILAR.0723.00001	Absent
gamma_ACILWO.0723.00003	Absent
gamma_ACIPRO.0723.00001	Absent
gamma_ACIRAD.0723.00005	Absent
gamma_ACISEP.0723.00001	Absent
gamma_ACITAN.0723.00001	Absent
gamma_ACITIB.0723.00001	Absent
gamma_ACIVAR.0723.00004	Absent
gamma_ACIVIV.0723.00001	Absent
gamma_ACIYIL.0723.00001	Absent
gamma_ACTDEL.0723.00001	Absent
gamma_ACTEQU.0723.00013	Absent
gamma_ACTLIG.0723.00001	Absent
gamma_ACTPLE.0723.00004	Absent
gamma_ACTPOR.0723.00001	Absent
gamma_ACTSUI.0723.00003	Absent
gamma_AERCAV.0723.00038	Absent
gamma_AERENT.0723.00005	Absent
gamma_AERHYD.0723.00022	Absent
gamma_AERHYD.0723.00023	Absent
gamma_AERHYD.0723.00025	Absent
gamma_AERHYD.0723.00045	Absent
gamma_AERHYD.0723.00051	Absent
gamma_AERJAN.0723.00006	Absent
gamma_AERMED.0723.00004	Absent
gamma_AERSCH.0723.00002	Absent
gamma_AERSP..0723.00001	Absent
gamma_AERSP..0723.00004	Absent
gamma_AERSP..0723.00010	Absent
gamma_AERSP..0723.00021	Absent
gamma_AERSP..0723.00022	Absent
gamma_AERVER.0723.00021	Absent
gamma_AERVER.0723.00022	Absent
gamma_AERVER.0723.00024	Absent
gamma_AERVER.0723.00025	Absent
gamma_AERVER.0723.00037	Absent
gamma_AGGSEG.0723.00001	Absent
gamma_AGGSP..0723.00001	Absent
gamma_AHNAFF.0723.00001	Absent
gamma_ALCSP..0723.00006	Absent
gamma_ALICET.0723.00001	Absent
gamma_ALIHAK.0723.00001	Absent
gamma_ALKCOR.0723.00001	Absent
gamma_ALKEHR.0723.00001	Absent
gamma_ALLTEP.0723.00001	Absent
gamma_ALLVIN.0723.00001	Absent
gamma_ALTMED.0723.00011	Absent
gamma_ALTPEL.0723.00001	Absent
gamma_ALTSTE.0723.00002	Absent
gamma_AREDAE.0723.00001	Absent
gamma_ARSAPI.0723.00002	Absent
gamma_AVISP..0723.00002	Absent
gamma_AZOCHR.0723.00003	Absent
gamma_AZOVIN.0723.00001	Absent
gamma_BACSP..0723.00001	Absent
gamma_BASSUC.0723.00001	Absent
gamma_BUTSP..0723.00002	Absent
gamma_CALJAP.0723.00001	Absent
gamma_CANCOX.0723.00001	Absent
gamma_CANFUK.0723.00001	Absent
gamma_CANHAM.0723.00006	Absent
gamma_CANMIK.0723.00001	Absent
gamma_CANPAR.0723.00001	Absent
gamma_CANPSE.0723.00003	Absent
gamma_CANSOD.0723.00001	Absent
gamma_CATSP..0723.00001	Absent
gamma_CEDSP..0723.00001	Absent
gamma_CELJAP.0723.00004	Absent
gamma_CELSP..0723.00002	Absent
gamma_CHAMUL.0723.00001	Absent
gamma_CITFRE.0723.00017	Absent
gamma_CITPOR.0723.00020	Absent
gamma_CITROD.0723.00002	Absent
gamma_CITSP..0723.00011	Absent
gamma_CITSP..0723.00014	Absent
gamma_CITSP..0723.00024	Absent
gamma_CITSP..0723.00030	Absent
gamma_CITSP..0723.00036	Absent
gamma_COBAMP.0723.00001	Absent
gamma_COLPSY.0723.00001	Absent
gamma_COXEND.0723.00006	Absent
gamma_CROCON.0723.00001	Absent
gamma_CROMAL.0723.00001	Absent
gamma_CROMUY.0723.00001	Absent
gamma_CYCSP..0723.00002	Absent
gamma_CYCZAN.0723.00001	Absent
gamma_DENCAE.0723.00001	Absent
gamma_DICCHR.0723.00003	Absent
gamma_DICORY.0723.00001	Absent
gamma_DICSOL.0723.00005	Absent
gamma_DUFGER.0723.00001	Absent
gamma_DYETEL.0723.00001	Absent
gamma_DYETHI.0723.00001	Absent
gamma_ECTHAL.0723.00001	Absent
gamma_EDWHOS.0723.00002	Absent
gamma_EDWSP..0723.00001	Absent
gamma_ENDMON.0723.00001	Absent
gamma_ENDSP..0723.00004	Absent
gamma_ENTASA.0723.00001	Absent
gamma_ENTASB.0723.00012	Absent
gamma_ENTCAN.0723.00004	Absent
gamma_ENTCLO.0723.00066	Absent
gamma_ENTHOR.0723.00002	Absent
gamma_ENTKOB.0723.00015	Absent
gamma_ENTLUD.0723.00009	Absent
gamma_ENTMOR.0723.00001	Absent
gamma_ENTROG.0723.00034	Absent
gamma_ENTSP..0723.00004	Absent
gamma_ENTSP..0723.00011	Absent
gamma_ENTSP..0723.00037	Absent
gamma_ENTSP..0723.00038	Absent
gamma_ENTSP..0723.00045	Absent
gamma_ERWBIL.0723.00002	Absent
gamma_ERWRHA.0723.00001	Absent
gamma_ERWSP..0723.00003	Absent
gamma_ERWTAS.0723.00001	Absent
gamma_ESCCOL.0723.00907	Absent
gamma_ESCCOL.0723.01634	Absent
gamma_ESCCOL.0723.01807	Absent
gamma_ESCCOL.0723.02380	Absent
gamma_ESCCOL.0723.02480	Absent
gamma_ESCSP..0723.00007	Absent
gamma_FERSP..0723.00002	Absent
gamma_FLACEN.0723.00001	Absent
gamma_FRAAUR.0723.00001	Absent
gamma_FRAEDA.0723.00001	Absent
gamma_GALANA.0723.00001	Absent
gamma_GILSP..0723.00004	Absent
gamma_GLAPAR.0723.00016	Absent
gamma_GLASP..0723.00001	Absent
gamma_GRIHOL.0723.00004	Absent
gamma_GYNSUN.0723.00001	Absent
gamma_HAFALV.0723.00007	Absent
gamma_HAHCHE.0723.00001	Absent
gamma_HALALK.0723.00003	Absent
gamma_HALCHR.0723.00001	Absent
gamma_HALHAL.0723.00001	Absent
gamma_HALNAN.0723.00001	Absent
gamma_HALQAI.0723.00001	Absent
gamma_HALSP..0723.00008	Absent
gamma_HALSP..0723.00016	Absent
gamma_HALSP..0723.00017	Absent
gamma_HALSP..0723.00018	Absent
gamma_HALSP..0723.00032	Absent
gamma_HALSUB.0723.00001	Absent
gamma_HYDMAR.0723.00001	Absent
gamma_IDILOI.0723.00003	Absent
gamma_IDISP..0723.00003	Absent
gamma_JINZHU.0723.00001	Absent
gamma_KANSED.0723.00001	Absent
gamma_KINSAL.0723.00001	Absent
gamma_KLEGRI.0723.00021	Absent
gamma_KLEMIC.0723.00062	Absent
gamma_KLEOXY.0723.00040	Absent
gamma_KLEPNE.0723.00467	Absent
gamma_KLEPNE.0723.00479	Absent
gamma_KLEPNE.0723.00480	Absent
gamma_KLEPNE.0723.01028	Absent
gamma_KLEPNE.0723.01606	Absent
gamma_KLEQUA.0723.00043	Absent
gamma_KLESP..0723.00007	Absent
gamma_KLEVAR.0723.00060	Absent
gamma_KLUINT.0723.00005	Absent
gamma_KOSSAC.0723.00002	Absent
gamma_KOSSP..0723.00003	Absent
gamma_KUSMAR.0723.00001	Absent
gamma_LECPNE.0723.00002	Absent
gamma_LECSP..0723.00001	Absent
gamma_LEGADE.0723.00001	Absent
gamma_LEGCAR.0723.00001	Absent
gamma_LEGCLE.0723.00001	Absent
gamma_LEGEND.0723.00001	Absent
gamma_LEGGEE.0723.00002	Absent
gamma_LEGHAC.0723.00001	Absent
gamma_LEGISR.0723.00002	Absent
gamma_LEGPNE.0723.00110	Absent
gamma_LELSTE.0723.00001	Absent
gamma_LIMPAR.0723.00001	Absent
gamma_LONPOP.0723.00002	Absent
gamma_LUTPIN.0723.00001	Absent
gamma_LUTYIN.0723.00001	Absent
gamma_LYSANT.0723.00002	Absent
gamma_LYSAVI.0723.00001	Absent
gamma_LYSCAP.0723.00004	Absent
gamma_LYSCAS.0723.00001	Absent
gamma_LYSCIC.0723.00001	Absent
gamma_LYSENZ.0723.00002	Absent
gamma_LYSGUM.0723.00001	Absent
gamma_LYSSP..0723.00005	Absent
gamma_MARADH.0723.00001	Absent
gamma_MARALG.0723.00001	Absent
gamma_MARINE.0723.00001	Absent
gamma_MARNAU.0723.00001	Absent
gamma_MARPRO.0723.00001	Absent
gamma_MARPUR.0723.00001	Absent
gamma_MARRHI.0723.00002	Absent
gamma_MARSAL.0723.00004	Absent
gamma_MARSED.0723.00001	Absent
gamma_MARSIM.0723.00001	Absent
gamma_MARSP..0723.00013	Absent
gamma_MARSP..0723.00018	Absent
gamma_MARSP..0723.00019	Absent
gamma_MARSP..0723.00021	Absent
gamma_MARSP..0723.00023	Absent
gamma_METALC.0723.00001	Absent
gamma_METGEO.0723.00001	Absent
gamma_METISH.0723.00001	Absent
gamma_METKOY.0723.00002	Absent
gamma_METMAR.0723.00002	Absent
gamma_METNIT.0723.00001	Absent
gamma_METORY.0723.00001	Absent
gamma_METRHI.0723.00001	Absent
gamma_METSP..0723.00001	Absent
gamma_METSP..0723.00005	Absent
gamma_METSP..0723.00010	Absent
gamma_METSP..0723.00011	Absent
gamma_METSP..0723.00012	Absent
gamma_MICAGA.0723.00001	Absent
gamma_MICAGG.0723.00001	Absent
gamma_MICHYD.0723.00001	Absent
gamma_MICSP..0723.00004	Absent
gamma_MIXCAL.0723.00001	Absent
gamma_MORMAR.0723.00001	Absent
gamma_MORNON.0723.00001	Absent
gamma_MOROSL.0723.00005	Absent
gamma_MORSP..0723.00002	Absent
gamma_MORYAY.0723.00001	Absent
gamma_NEPHAL.0723.00001	Absent
gamma_OCEPRO.0723.00001	Absent
gamma_PANAGG.0723.00019	Absent
gamma_PANRWA.0723.00001	Absent
gamma_PANSP..0723.00002	Absent
gamma_PANSP..0723.00007	Absent
gamma_PANSP..0723.00008	Absent
gamma_PANSP..0723.00009	Absent
gamma_PANSP..0723.00012	Absent
gamma_PANSTE.0723.00003	Absent
gamma_PARAES.0723.00001	Absent
gamma_PARPSY.0723.00001	Absent
gamma_PASDAG.0723.00001	Absent
gamma_PASMUL.0723.00124	Absent
gamma_PECATR.0723.00003	Absent
gamma_PECCAC.0723.00001	Absent
gamma_PECODO.0723.00001	Absent
gamma_PECPAR.0723.00013	Absent
gamma_PECPOL.0723.00004	Absent
gamma_PECVER.0723.00009	Absent
gamma_PHOASY.0723.00001	Absent
gamma_PHODAM.0723.00012	Absent
gamma_PHOGAE.0723.00001	Absent
gamma_PHOLAU.0723.00004	Absent
gamma_PHOSAN.0723.00001	Absent
gamma_PHOTHR.0723.00001	Absent
gamma_PHYDIA.0723.00003	Absent
gamma_PHYSP..0723.00002	Absent
gamma_PISSAL.0723.00044	Absent
gamma_PLESHI.0723.00003	Absent
gamma_PLUGER.0723.00002	Absent
gamma_PROALC.0723.00010	Absent
gamma_PROHEI.0723.00001	Absent
gamma_PROPEN.0723.00001	Absent
gamma_PRORET.0723.00005	Absent
gamma_PRORUS.0723.00002	Absent
gamma_PROSNE.0723.00001	Absent
gamma_PROVER.0723.00002	Absent
gamma_PSEAER.0723.00261	Absent
gamma_PSEAER.0723.00417	Absent
gamma_PSEAER.0723.00638	Absent
gamma_PSEAER.0723.00669	Absent
gamma_PSEAER.0723.00677	Absent
gamma_PSEAGA.0723.00001	Absent
gamma_PSEALI.0723.00001	Absent
gamma_PSEALL.0723.00003	Absent
gamma_PSEANU.0723.00001	Absent
gamma_PSEARC.0723.00001	Absent
gamma_PSEAVE.0723.00001	Absent
gamma_PSEAZO.0723.00001	Absent
gamma_PSEBEN.0723.00001	Absent
gamma_PSECAM.0723.00001	Absent
gamma_PSECAN.0723.00002	Absent
gamma_PSECAP.0723.00001	Absent
gamma_PSECAR.0723.00001	Absent
gamma_PSECER.0723.00002	Absent
gamma_PSECHE.0723.00001	Absent
gamma_PSECHL.0723.00034	Absent
gamma_PSECOR.0723.00007	Absent
gamma_PSEDON.0723.00002	Absent
gamma_PSEENT.0723.00001	Absent
gamma_PSEESP.0723.00001	Absent
gamma_PSEEUC.0723.00001	Absent
gamma_PSEFIC.0723.00001	Absent
gamma_PSEFLA.0723.00001	Absent
gamma_PSEFLU.0723.00003	Absent
gamma_PSEFLU.0723.00007	Absent
gamma_PSEFLU.0723.00009	Absent
gamma_PSEFLU.0723.00016	Absent
gamma_PSEFLU.0723.00021	Absent
gamma_PSEFRA.0723.00004	Absent
gamma_PSEFRE.0723.00001	Absent
gamma_PSEGER.0723.00001	Absent
gamma_PSEGUA.0723.00001	Absent
gamma_PSEGUG.0723.00001	Absent
gamma_PSEHAM.0723.00001	Absent
gamma_PSEIRA.0723.00001	Absent
gamma_PSEKRI.0723.00001	Absent
gamma_PSELIJ.0723.00001	Absent
gamma_PSELIP.0723.00001	Absent
gamma_PSELUR.0723.00003	Absent
gamma_PSEMOR.0723.00004	Absent
gamma_PSEMOS.0723.00002	Absent
gamma_PSEMUC.0723.00001	Absent
gamma_PSENIG.0723.00001	Absent
gamma_PSEPAR.0723.00002	Absent
gamma_PSEPER.0723.00001	Absent
gamma_PSEPHE.0723.00002	Absent
gamma_PSEPIS.0723.00002	Absent
gamma_PSEPOA.0723.00002	Absent
gamma_PSEPRO.0723.00029	Absent
gamma_PSEPRY.0723.00001	Absent
gamma_PSEPUT.0723.00001	Absent
gamma_PSEPUT.0723.00043	Absent
gamma_PSEPUT.0723.00048	Absent
gamma_PSEPUT.0723.00050	Absent
gamma_PSEPUT.0723.00067	Absent
gamma_PSERES.0723.00001	Absent
gamma_PSERUB.0723.00002	Absent
gamma_PSESAL.0723.00001	Absent
gamma_PSESAU.0723.00001	Absent
gamma_PSESAV.0723.00005	Absent
gamma_PSESED.0723.00001	Absent
gamma_PSESER.0723.00001	Absent
gamma_PSESHI.0723.00001	Absent
gamma_PSESIC.0723.00001	Absent
gamma_PSESIL.0723.00008	Absent
gamma_PSESIM.0723.00005	Absent
gamma_PSESP..0723.00064	Absent
gamma_PSESP..0723.00091	Absent
gamma_PSESP..0723.00136	Absent
gamma_PSESP..0723.00139	Absent
gamma_PSESPA.0723.00001	Absent
gamma_PSESPO.0723.00002	Absent
gamma_PSESYN.0723.00001	Absent
gamma_PSETAE.0723.00002	Absent
gamma_PSETHI.0723.00001	Absent
gamma_PSETOL.0723.00001	Absent
gamma_PSETOY.0723.00001	Absent
gamma_PSETRI.0723.00003	Absent
gamma_PSEULV.0723.00001	Absent
gamma_PSEVAN.0723.00001	Absent
gamma_PSEVER.0723.00002	Absent
gamma_PSEVIC.0723.00002	Absent
gamma_PSEVIR.0723.00006	Absent
gamma_PSEXAN.0723.00001	Absent
gamma_PSEXIA.0723.00001	Absent
gamma_PSEYAM.0723.00002	Absent
gamma_PSEZEA.0723.00002	Absent
gamma_PSYAES.0723.00001	Absent
gamma_PSYARE.0723.00001	Absent
gamma_PSYURA.0723.00001	Absent
gamma_RAHBON.0723.00001	Absent
gamma_RAOELE.0723.00002	Absent
gamma_RAOORN.0723.00001	Absent
gamma_RAOORN.0723.00005	Absent
gamma_RAOORN.0723.00024	Absent
gamma_RAOORN.0723.00025	Absent
gamma_RAOORN.0723.00026	Absent
gamma_RAOSP..0723.00001	Absent
gamma_RHEMAN.0723.00001	Absent
gamma_RHOGLY.0723.00001	Absent
gamma_RODHAE.0723.00001	Absent
gamma_RODHEY.0723.00001	Absent
gamma_SACDEG.0723.00001	Absent
gamma_SALENT.0723.00569	Absent
gamma_SALENT.0723.00937	Absent
gamma_SALENT.0723.01219	Absent
gamma_SALENT.0723.01410	Absent
gamma_SALENT.0723.01493	Absent
gamma_SALIOC.0723.00001	Absent
gamma_SALSED.0723.00001	Absent
gamma_SALSP..0723.00026	Absent
gamma_SECEND.0723.00003	Absent
gamma_SERENT.0723.00002	Absent
gamma_SERFON.0723.00006	Absent
gamma_SERLIQ.0723.00002	Absent
gamma_SERMAR.0723.00095	Absent
gamma_SERODO.0723.00001	Absent
gamma_SERRUB.0723.00002	Absent
gamma_SERSP..0723.00009	Absent
gamma_SERSP..0723.00016	Absent
gamma_SERSP..0723.00018	Absent
gamma_SERSP..0723.00019	Absent
gamma_SERSP..0723.00021	Absent
gamma_SERSYM.0723.00002	Absent
gamma_SHEAES.0723.00001	Absent
gamma_SHECHI.0723.00001	Absent
gamma_SHECYP.0723.00002	Absent
gamma_SHEEUR.0723.00001	Absent
gamma_SHEFRI.0723.00001	Absent
gamma_SHEGLA.0723.00001	Absent
gamma_SHEIND.0723.00001	Absent
gamma_SHEJAP.0723.00001	Absent
gamma_SHELOI.0723.00001	Absent
gamma_SHEMAR.0723.00002	Absent
gamma_SHEPIE.0723.00001	Absent
gamma_SHEPOL.0723.00001	Absent
gamma_SHEPSY.0723.00004	Absent
gamma_SHESPA.0723.00001	Absent
gamma_SHEVES.0723.00001	Absent
gamma_SHEXIA.0723.00006	Absent
gamma_SHEYUN.0723.00001	Absent
gamma_SINSP..0723.00001	Absent
gamma_SPICUR.0723.00001	Absent
gamma_STEMAL.0723.00009	Absent
gamma_STEMAL.0723.00010	Absent
gamma_STEMAL.0723.00057	Absent
gamma_STEMAL.0723.00071	Absent
gamma_STEMAL.0723.00084	Absent
gamma_STERHI.0723.00003	Absent
gamma_STESP..0723.00006	Absent
gamma_STESP..0723.00011	Absent
gamma_STESP..0723.00022	Absent
gamma_STESP..0723.00023	Absent
gamma_STESP..0723.00029	Absent
gamma_STUBAL.0723.00004	Absent
gamma_STUKUN.0723.00001	Absent
gamma_STUSTU.0723.00002	Absent
gamma_STUSTU.0723.00018	Absent
gamma_STUSTU.0723.00019	Absent
gamma_STUSTU.0723.00021	Absent
gamma_STUSTU.0723.00026	Absent
gamma_STUXAN.0723.00001	Absent
gamma_SUCDEX.0723.00001	Absent
gamma_SYMPUR.0723.00001	Absent
gamma_TATCIT.0723.00002	Absent
gamma_THASED.0723.00001	Absent
gamma_THEBRE.0723.00001	Absent
gamma_THEPAL.0723.00001	Absent
gamma_THESP..0723.00002	Absent
gamma_THIALK.0723.00003	Absent
gamma_THIMOB.0723.00001	Absent
gamma_THITHI.0723.00001	Absent
gamma_THIVER.0723.00001	Absent
gamma_THIVIO.0723.00001	Absent
gamma_THIWIN.0723.00001	Absent
gamma_VIBAER.0723.00001	Absent
gamma_VIBALG.0723.00033	Absent
gamma_VIBANT.0723.00001	Absent
gamma_VIBAQU.0723.00001	Absent
gamma_VIBART.0723.00001	Absent
gamma_VIBATL.0723.00002	Absent
gamma_VIBAZU.0723.00001	Absent
gamma_VIBBRE.0723.00001	Absent
gamma_VIBCHO.0723.00039	Absent
gamma_VIBCHO.0723.00054	Absent
gamma_VIBCHO.0723.00076	Absent
gamma_VIBCHO.0723.00079	Absent
gamma_VIBCHO.0723.00089	Absent
gamma_VIBCID.0723.00001	Absent
gamma_VIBCIN.0723.00004	Absent
gamma_VIBCOR.0723.00009	Absent
gamma_VIBHYU.0723.00001	Absent
gamma_VIBKAN.0723.00003	Absent
gamma_VIBLEN.0723.00001	Absent
gamma_VIBMAN.0723.00001	Absent
gamma_VIBNEO.0723.00001	Absent
gamma_VIBOST.0723.00001	Absent
gamma_VIBPEN.0723.00004	Absent
gamma_VIBPLA.0723.00001	Absent
gamma_VIBQUI.0723.00001	Absent
gamma_VIBRAR.0723.00001	Absent
gamma_VIBRHI.0723.00001	Absent
gamma_VIBROT.0723.00001	Absent
gamma_VIBRUM.0723.00001	Absent
gamma_VIBSCO.0723.00001	Absent
gamma_VIBSIN.0723.00001	Absent
gamma_VIBSP..0723.00011	Absent
gamma_VIBSP..0723.00013	Absent
gamma_VIBSP..0723.00023	Absent
gamma_VIBSP..0723.00026	Absent
gamma_VIBSP..0723.00037	Absent
gamma_VIBSPA.0723.00002	Absent
gamma_VIBSPL.0723.00006	Absent
gamma_VIBSYN.0723.00001	Absent
gamma_VIBTAP.0723.00001	Absent
gamma_VIBTAS.0723.00001	Absent
gamma_VIBTUB.0723.00001	Absent
gamma_VIBZHU.0723.00001	Absent
gamma_XANARB.0723.00010	Absent
gamma_XANCAS.0723.00001	Absent
gamma_XANCIT.0723.00068	Absent
gamma_XANCUC.0723.00003	Absent
gamma_XANFRA.0723.00009	Absent
gamma_XANHOR.0723.00002	Absent
gamma_XANHYD.0723.00002	Absent
gamma_XANPER.0723.00004	Absent
gamma_XANPHA.0723.00003	Absent
gamma_XANSAC.0723.00005	Absent
gamma_XENHOM.0723.00001	Absent
gamma_XENSP..0723.00001	Absent
gamma_XYLTAI.0723.00021	Absent
gamma_YERENT.0723.00039	Absent
gamma_YERFRE.0723.00001	Absent
gamma_YERKRI.0723.00001	Absent
gamma_YERMAS.0723.00002	Absent
gamma_YERMOL.0723.00001	Absent
gamma_YERROC.0723.00002	Absent
gamma_YERSP..0723.00002	Absent
gamma_ZHOALI.0723.00001	Absent
gamma_ZOPENT.0723.00001	Absent
alpha_ACEACE.0723.00003	Present
alpha_AFICAR.0723.00001	Present
alpha_AGRFAB.0723.00002	Present
alpha_AGRFAB.0723.00005	Present
alpha_AGRFAB.0723.00010	Present
alpha_AGRFAB.0723.00023	Present
alpha_AGRPUS.0723.00003	Present
alpha_AGRRAD.0723.00001	Present
alpha_AGRRHI.0723.00002	Present
alpha_AGRRHI.0723.00003	Present
alpha_AGRSP..0723.00003	Present
alpha_AGRSP..0723.00006	Present
alpha_AGRSP..0723.00007	Present
alpha_AGRTUM.0723.00001	Present
alpha_AGRTUM.0723.00003	Present
alpha_AGRTUM.0723.00017	Present
alpha_AGRTUM.0723.00023	Present
alpha_AGRTUM.0723.00025	Present
alpha_AGRTUM.0723.00026	Present
alpha_AGRTUM.0723.00040	Present
alpha_BOSSP..0723.00003	Present
alpha_BRAJAP.0723.00004	Present
alpha_BRASP..0723.00067	Present
alpha_BRASYM.0723.00002	Present
alpha_BREDIM.0723.00002	Present
alpha_BREVAN.0723.00001	Present
alpha_BRUANT.0723.00001	Present
alpha_BRUSP..0723.00013	Present
alpha_BRUSP..0723.00014	Present
alpha_CAESP..0723.00001	Present
alpha_CAETAR.0723.00001	Present
alpha_CANFIL.0723.00001	Present
alpha_CAUSP..0723.00003	Present
alpha_CRONAP.0723.00001	Present
alpha_ENSADH.0723.00001	Present
alpha_ENSADH.0723.00002	Present
alpha_ENSADH.0723.00004	Present
alpha_ENSCAN.0723.00001	Present
alpha_ENSSP..0723.00001	Present
alpha_HOEPHO.0723.00001	Present
alpha_HYPNIT.0723.00001	Present
alpha_KORPUM.0723.00001	Present
alpha_LEISP..0723.00003	Present
alpha_MAGMAG.0723.00001	Present
alpha_MAMALB.0723.00001	Present
alpha_MESLOT.0723.00003	Present
alpha_MESSP..0723.00022	Present
alpha_MESSP..0723.00025	Present
alpha_NORSP..0723.00001	Present
alpha_NOVRES.0723.00001	Present
alpha_[OCQUO.0723.00001	Present
alpha_PARSP..0723.00009	Present
alpha_PHAINH.0723.00001	Present
alpha_PHAINH.0723.00003	Present
alpha_PHAINH.0723.00010	Present
alpha_PHAINH.0723.00015	Present
alpha_PHAINH.0723.00016	Present
alpha_PHAINH.0723.00017	Present
alpha_PHAINH.0723.00020	Present
alpha_PHAINH.0723.00023	Present
alpha_PHAINH.0723.00025	Present
alpha_PHAINH.0723.00026	Present
alpha_PHAINH.0723.00027	Present
alpha_PHAINH.0723.00029	Present
alpha_PHAINH.0723.00031	Present
alpha_PHAINH.0723.00032	Present
alpha_PHAINH.0723.00033	Present
alpha_PHAINH.0723.00034	Present
alpha_PHAINH.0723.00037	Present
alpha_PHAINH.0723.00040	Present
alpha_PHRSTY.0723.00001	Present
alpha_PSEALG.0723.00002	Present
alpha_PSESP..0723.00004	Present
alpha_RHIBAN.0723.00001	Present
alpha_RHIBAN.0723.00002	Present
alpha_RHIETL.0723.00001	Present
alpha_RHIHID.0723.00001	Present
alpha_RHILEG.0723.00018	Present
alpha_RHILEN.0723.00001	Present
alpha_RHIPHA.0723.00003	Present
alpha_RHISP..0723.00010	Present
alpha_RHISP..0723.00031	Present
alpha_RHOSP..0723.00001	Present
alpha_ROSALE.0723.00001	Present
alpha_ROSMAR.0723.00001	Present
alpha_ROSSP..0723.00010	Present
alpha_RUECON.0723.00001	Present
alpha_SHISP..0723.00001	Present
alpha_SINSP..0723.00001	Present
alpha_SPHSAN.0723.00001	Present
alpha_SPHSP..0723.00025	Present
alpha_SPHSP..0723.00033	Present
alpha_SPHSP..0723.00046	Present
alpha_SPHSP..0723.00049	Present
alpha_SPHSP..0723.00059	Present
alpha_TARROB.0723.00001	Present
alpha_TARSP..0723.00005	Present
alpha_THAMAR.0723.00001	Present
alpha_ABYALK.0723.00001	Absent
alpha_ACEACE.0723.00001	Absent
alpha_ACEASC.0723.00002	Absent
alpha_ACEORY.0723.00003	Absent
alpha_ACETRO.0723.00001	Absent
alpha_ACIFOD.0723.00001	Absent
alpha_AGRCUC.0723.00001	Absent
alpha_AGRFAB.0723.00004	Absent
alpha_AGRFAB.0723.00006	Absent
alpha_AGRFAB.0723.00009	Absent
alpha_AGRFAB.0723.00017	Absent
alpha_AGRFAB.0723.00020	Absent
alpha_AGRLAR.0723.00001	Absent
alpha_AGRPUS.0723.00010	Absent
alpha_AGRSP..0723.00002	Absent
alpha_AGRTUM.0723.00006	Absent
alpha_AGRTUM.0723.00013	Absent
alpha_AGRTUM.0723.00014	Absent
alpha_AGRTUM.0723.00016	Absent
alpha_AGRTUM.0723.00018	Absent
alpha_AGRVIT.0723.00001	Absent
alpha_ALGMAR.0723.00001	Absent
alpha_ALLAMP.0723.00001	Absent
alpha_ALTRUB.0723.00001	Absent
alpha_ANAPHA.0723.00004	Absent
alpha_ANCPOL.0723.00001	Absent
alpha_ANCSP..0723.00003	Absent
alpha_ANTHEL.0723.00001	Absent
alpha_AQUPRO.0723.00001	Absent
alpha_AQUSP..0723.00001	Absent
alpha_ASTEXC.0723.00002	Absent
alpha_AURATL.0723.00001	Absent
alpha_AURMAN.0723.00001	Absent
alpha_AURPOP.0723.00001	Absent
alpha_AURSP..0723.00003	Absent
alpha_AZOLIP.0723.00001	Absent
alpha_AZORAM.0723.00001	Absent
alpha_AZOTHI.0723.00001	Absent
alpha_BARAUS.0723.00001	Absent
alpha_BARCLA.0723.00002	Absent
alpha_BARGRA.0723.00001	Absent
alpha_BARHAR.0723.00001	Absent
alpha_BARTAY.0723.00002	Absent
alpha_BEIIND.0723.00001	Absent
alpha_BLAFUL.0723.00001	Absent
alpha_BLASP..0723.00002	Absent
alpha_BOSSP..0723.00002	Absent
alpha_BOSVAV.0723.00001	Absent
alpha_BRAAUS.0723.00001	Absent
alpha_BRABAR.0723.00002	Absent
alpha_BRABET.0723.00002	Absent
alpha_BRACAN.0723.00003	Absent
alpha_BRADIA.0723.00011	Absent
alpha_BRAGEN.0723.00002	Absent
alpha_BRAJAP.0723.00008	Absent
alpha_BRALAB.0723.00002	Absent
alpha_BRAPAC.0723.00001	Absent
alpha_BRASEP.0723.00002	Absent
alpha_BRASP..0723.00015	Absent
alpha_BRASP..0723.00029	Absent
alpha_BRASP..0723.00035	Absent
alpha_BRASP..0723.00042	Absent
alpha_BRASP..0723.00056	Absent
alpha_BRASYM.0723.00001	Absent
alpha_BRAYUA.0723.00001	Absent
alpha_BREALB.0723.00002	Absent
alpha_BREDIM.0723.00004	Absent
alpha_BREFON.0723.00001	Absent
alpha_BRENAE.0723.00002	Absent
alpha_BREPAC.0723.00001	Absent
alpha_BREPON.0723.00001	Absent
alpha_BRESP..0723.00007	Absent
alpha_BREVIT.0723.00001	Absent
alpha_BRUCAN.0723.00010	Absent
alpha_BRUINT.0723.00001	Absent
alpha_BRUMEL.0723.00069	Absent
alpha_BRUMIC.0723.00001	Absent
alpha_BRUOVI.0723.00001	Absent
alpha_BRUSP..0723.00002	Absent
alpha_BRUSP..0723.00004	Absent
alpha_BRUSP..0723.00010	Absent
alpha_BRUSP..0723.00011	Absent
alpha_BRUSP..0723.00015	Absent
alpha_BRUSUI.0723.00019	Absent
alpha_CANNUC.0723.00001	Absent
alpha_CANPEL.0723.00007	Absent
alpha_CANPUN.0723.00001	Absent
alpha_CANVIA.0723.00001	Absent
alpha_CANWOL.0723.00001	Absent
alpha_CAUFLA.0723.00001	Absent
alpha_CAUSP..0723.00004	Absent
alpha_CELBAE.0723.00001	Absent
alpha_CELIND.0723.00001	Absent
alpha_CHEDAE.0723.00001	Absent
alpha_CITSP..0723.00001	Absent
alpha_COGACT.0723.00002	Absent
alpha_COMMEL.0723.00002	Absent
alpha_CROSP..0723.00002	Absent
alpha_DEVNEP.0723.00001	Absent
alpha_DINSHI.0723.00002	Absent
alpha_EHRSP..0723.00001	Absent
alpha_ENSADH.0723.00008	Absent
alpha_ENSSOJ.0723.00001	Absent
alpha_FERTER.0723.00001	Absent
alpha_GEMAQU.0723.00001	Absent
alpha_GEMFUL.0723.00001	Absent
alpha_GIMSOL.0723.00001	Absent
alpha_GLUALB.0723.00001	Absent
alpha_GLUSPH.0723.00001	Absent
alpha_GLUTHA.0723.00001	Absent
alpha_GLYALK.0723.00001	Absent
alpha_HOESP..0723.00001	Absent
alpha_HYPADH.0723.00001	Absent
alpha_HYPATL.0723.00001	Absent
alpha_HYPTER.0723.00001	Absent
alpha_INDPRO.0723.00001	Absent
alpha_KAISP..0723.00001	Absent
alpha_KETROB.0723.00001	Absent
alpha_KOMEUR.0723.00001	Absent
alpha_KOMMED.0723.00001	Absent
alpha_KOMNAT.0723.00001	Absent
alpha_KOMSAC.0723.00002	Absent
alpha_KOMXYL.0723.00004	Absent
alpha_LEICAE.0723.00004	Absent
alpha_LEISP..0723.00001	Absent
alpha_LENALG.0723.00001	Absent
alpha_MAGGRY.0723.00001	Absent
alpha_MARLUT.0723.00001	Absent
alpha_MARMAR.0723.00001	Absent
alpha_MARMED.0723.00001	Absent
alpha_MARSP..0723.00001	Absent
alpha_MESAMO.0723.00001	Absent
alpha_MESAUS.0723.00001	Absent
alpha_MESERD.0723.00001	Absent
alpha_MESHUA.0723.00001	Absent
alpha_MESLOT.0723.00001	Absent
alpha_MESMED.0723.00001	Absent
alpha_MESSP..0723.00007	Absent
alpha_MESSP..0723.00010	Absent
alpha_MESSP..0723.00021	Absent
alpha_MESSP..0723.00035	Absent
alpha_MESSP..0723.00048	Absent
alpha_METAQU.0723.00002	Absent
alpha_METCAE.0723.00001	Absent
alpha_METEXT.0723.00010	Absent
alpha_METIWA.0723.00001	Absent
alpha_METMES.0723.00001	Absent
alpha_METORY.0723.00002	Absent
alpha_METRAD.0723.00002	Absent
alpha_METSP..0723.00005	Absent
alpha_METTAR.0723.00001	Absent
alpha_METTUN.0723.00001	Absent
alpha_MICSP..0723.00002	Absent
alpha_MICTER.0723.00001	Absent
alpha_NEOGAL.0723.00002	Absent
alpha_NEOMIK.0723.00004	Absent
alpha_NEOPET.0723.00001	Absent
alpha_NITAMA.0723.00001	Absent
alpha_NITHAM.0723.00001	Absent
alpha_NIVCYA.0723.00001	Absent
alpha_NOVDEC.0723.00001	Absent
alpha_NOVHUM.0723.00002	Absent
alpha_OCTARC.0723.00001	Absent
alpha_OCTSP..0723.00001	Absent
alpha_ORITHE.0723.00001	Absent
alpha_PANPHR.0723.00003	Absent
alpha_PARCON.0723.00002	Absent
alpha_PAREVE.0723.00001	Absent
alpha_PARKON.0723.00001	Absent
alpha_PARLAV.0723.00001	Absent
alpha_PARLIA.0723.00001	Absent
alpha_PARLIT.0723.00001	Absent
alpha_PARNAM.0723.00001	Absent
alpha_PARPAN.0723.00003	Absent
alpha_PARPHO.0723.00001	Absent
alpha_PARSP..0723.00001	Absent
alpha_PARSP..0723.00002	Absent
alpha_PARSP..0723.00003	Absent
alpha_PARSP..0723.00004	Absent
alpha_PARSP..0723.00008	Absent
alpha_PARVER.0723.00001	Absent
alpha_PARYEE.0723.00002	Absent
alpha_PARZHE.0723.00001	Absent
alpha_PELMAR.0723.00001	Absent
alpha_PHAGAL.0723.00003	Absent
alpha_PHAINH.0723.00022	Absent
alpha_PHASP..0723.00001	Absent
alpha_PHRSP..0723.00001	Absent
alpha_PHYZUN.0723.00001	Absent
alpha_POLGIL.0723.00001	Absent
alpha_POLSP..0723.00001	Absent
alpha_PONALE.0723.00001	Absent
alpha_PONNIT.0723.00001	Absent
alpha_PONYTU.0723.00001	Absent
alpha_PORSP..0723.00005	Absent
alpha_PSEALG.0723.00001	Absent
alpha_PSEANT.0723.00001	Absent
alpha_PSEAQU.0723.00001	Absent
alpha_PSEBAN.0723.00001	Absent
alpha_PSESIN.0723.00001	Absent
alpha_PSESP..0723.00001	Absent
alpha_PUKLIT.0723.00001	Absent
alpha_PYRMOB.0723.00001	Absent
alpha_QIPPSY.0723.00001	Absent
alpha_QIPSPO.0723.00001	Absent
alpha_RHIETL.0723.00004	Absent
alpha_RHIGAL.0723.00002	Absent
alpha_RHIGRA.0723.00001	Absent
alpha_RHIJAG.0723.00001	Absent
alpha_RHILEG.0723.00004	Absent
alpha_RHILEG.0723.00006	Absent
alpha_RHILEG.0723.00007	Absent
alpha_RHILEG.0723.00022	Absent
alpha_RHILEG.0723.00023	Absent
alpha_RHILUS.0723.00001	Absent
alpha_RHIPHA.0723.00011	Absent
alpha_RHIPHY.0723.00001	Absent
alpha_RHIROS.0723.00001	Absent
alpha_RHISP..0723.00006	Absent
alpha_RHISP..0723.00007	Absent
alpha_RHISP..0723.00014	Absent
alpha_RHISP..0723.00022	Absent
alpha_RHISP..0723.00038	Absent
alpha_RHOATS.0723.00001	Absent
alpha_RHOBAR.0723.00001	Absent
alpha_RHOCAP.0723.00003	Absent
alpha_RHOCEN.0723.00001	Absent
alpha_RHOPAL.0723.00010	Absent
alpha_RHORUB.0723.00003	Absent
alpha_RHOSP..0723.00005	Absent
alpha_RICASI.0723.00001	Absent
alpha_RICBEL.0723.00001	Absent
alpha_RICCON.0723.00001	Absent
alpha_RICRIC.0723.00001	Absent
alpha_RICTIL.0723.00001	Absent
alpha_ROSANT.0723.00001	Absent
alpha_ROSDEN.0723.00001	Absent
alpha_ROSGIL.0723.00002	Absent
alpha_ROSMAR.0723.00002	Absent
alpha_ROSSP..0723.00001	Absent
alpha_ROSSP..0723.00002	Absent
alpha_ROSSP..0723.00004	Absent
alpha_ROSSP..0723.00005	Absent
alpha_ROSSP..0723.00013	Absent
alpha_ROSTOL.0723.00001	Absent
alpha_RUEPOM.0723.00001	Absent
alpha_SAGSP..0723.00001	Absent
alpha_SALPRO.0723.00001	Absent
alpha_SALPUK.0723.00001	Absent
alpha_SEDROS.0723.00001	Absent
alpha_SHIORY.0723.00001	Absent
alpha_SHISP..0723.00003	Absent
alpha_SINSP..0723.00002	Absent
alpha_SKEPRA.0723.00001	Absent
alpha_SPHALA.0723.00001	Absent
alpha_SPHAMI.0723.00001	Absent
alpha_SPHCAN.0723.00001	Absent
alpha_SPHCHA.0723.00001	Absent
alpha_SPHCLO.0723.00001	Absent
alpha_SPHDAE.0723.00001	Absent
alpha_SPHFRI.0723.00001	Absent
alpha_SPHIND.0723.00002	Absent
alpha_SPHINS.0723.00001	Absent
alpha_SPHMAC.0723.00001	Absent
alpha_SPHMEL.0723.00002	Absent
alpha_SPHMIC.0723.00001	Absent
alpha_SPHNAP.0723.00001	Absent
alpha_SPHPHE.0723.00001	Absent
alpha_SPHRAD.0723.00001	Absent
alpha_SPHRHI.0723.00001	Absent
alpha_SPHSAN.0723.00002	Absent
alpha_SPHSED.0723.00001	Absent
alpha_SPHSP..0723.00004	Absent
alpha_SPHSP..0723.00023	Absent
alpha_SPHSP..0723.00060	Absent
alpha_SPHSP..0723.00062	Absent
alpha_SPHSP..0723.00067	Absent
alpha_SPHXAN.0723.00001	Absent
alpha_STAIND.0723.00001	Absent
alpha_STANOV.0723.00001	Absent
alpha_STASP..0723.00002	Absent
alpha_STEHUM.0723.00001	Absent
alpha_SULALE.0723.00001	Absent
alpha_SULIND.0723.00001	Absent
alpha_SULMED.0723.00002	Absent
alpha_SULPON.0723.00002	Absent
alpha_TABPIS.0723.00001	Absent
alpha_TARSP..0723.00003	Absent
alpha_TATOMP.0723.00001	Absent
alpha_THAIND.0723.00001	Absent
alpha_THIELE.0723.00001	Absent
alpha_THINIT.0723.00002	Absent
alpha_TISMOB.0723.00001	Absent
alpha_TRIMOB.0723.00001	Absent
alpha_TRISP..0723.00001	Absent
alpha_TSUAMY.0723.00001	Absent
alpha_TSUDON.0723.00001	Absent
alpha_TSUFLA.0723.00001	Absent
alpha_TSUMAN.0723.00001	Absent
alpha_UNCPLE.0723.00001	Absent
alpha_WOLPIP.0723.00016	Absent
alpha_WOLSP..0723.00001	Absent
alpha_XANSP..0723.00001	Absent
alpha_ZYMMOB.0723.00001	Absent
beta_ACIRAD.0723.00001	Present
beta_ACISP..0723.00004	Present
beta_ACISP..0723.00007	Present
beta_ACISP..0723.00008	Present
beta_ACISP..0723.00010	Present
beta_ACISP..0723.00011	Present
beta_ACISP..0723.00012	Present
beta_ADVMIM.0723.00001	Present
beta_ALCAQU.0723.00002	Present
beta_ALCAQU.0723.00003	Present
beta_ALCAQU.0723.00004	Present
beta_ALCFAE.0723.00002	Present
beta_ALCFAE.0723.00004	Present
beta_ALCFAE.0723.00005	Present
beta_ALCFAE.0723.00008	Present
beta_ALCFAE.0723.00009	Present
beta_ALCFAE.0723.00010	Present
beta_ALCFAE.0723.00011	Present
beta_ALCFAE.0723.00020	Present
beta_ALCSP..0723.00001	Present
beta_ALCSP..0723.00003	Present
beta_ALCSP..0723.00004	Present
beta_ALCSP..0723.00005	Present
beta_AROPET.0723.00001	Present
beta_AZOOLE.0723.00001	Present
beta_AZOOLE.0723.00002	Present
beta_AZORES.0723.00001	Present
beta_AZOSP..0723.00004	Present
beta_BORGEN.0723.00002	Present
beta_BORPET.0723.00001	Present
beta_BORTRE.0723.00001	Present
beta_BURAMB.0723.00006	Present
beta_BURAMB.0723.00007	Present
beta_BURAMB.0723.00009	Present
beta_BURAMB.0723.00011	Present
beta_BURCEP.0723.00020	Present
beta_BURSTA.0723.00004	Present
beta_CHRPHR.0723.00002	Present
beta_CHRSP..0723.00002	Present
beta_CHRVAC.0723.00001	Present
beta_CHRVAC.0723.00002	Present
beta_CHRVIO.0723.00001	Present
beta_CHRVIO.0723.00005	Present
beta_COLFUN.0723.00002	Present
beta_COLPRA.0723.00002	Present
beta_COMANT.0723.00001	Present
beta_COMAQU.0723.00004	Present
beta_COMAQU.0723.00005	Present
beta_COMKOR.0723.00001	Present
beta_COMPIS.0723.00001	Present
beta_COMSER.0723.00001	Present
beta_COMSP..0723.00003	Present
beta_COMSP..0723.00004	Present
beta_COMSP..0723.00007	Present
beta_COMSP..0723.00008	Present
beta_COMSP..0723.00009	Present
beta_COMTER.0723.00001	Present
beta_COMTES.0723.00001	Present
beta_COMTES.0723.00004	Present
beta_COMTES.0723.00005	Present
beta_COMTHI.0723.00001	Present
beta_COMTHI.0723.00002	Present
beta_COMTHI.0723.00004	Present
beta_COMTHI.0723.00006	Present
beta_CRECAV.0723.00001	Present
beta_CUPBAS.0723.00002	Present
beta_CUPNEC.0723.00002	Present
beta_CUPNEC.0723.00003	Present
beta_DELACI.0723.00005	Present
beta_DELACI.0723.00006	Present
beta_DELLAC.0723.00003	Present
beta_DELSP..0723.00001	Present
beta_DELSP..0723.00003	Present
beta_DELTSU.0723.00002	Present
beta_DELTSU.0723.00003	Present
beta_DELTSU.0723.00006	Present
beta_DIAAER.0723.00001	Present
beta_DIASP..0723.00001	Present
beta_DIASP..0723.00002	Present
beta_EPHCIN.0723.00001	Present
beta_JANAGA.0723.00002	Present
beta_JANLIV.0723.00003	Present
beta_JANRIV.0723.00001	Present
beta_JANSP..0723.00003	Present
beta_JANSP..0723.00004	Present
beta_JANSP..0723.00005	Present
beta_JANSP..0723.00007	Present
beta_JANSP..0723.00008	Present
beta_JANTRU.0723.00001	Present
beta_JEOSP..0723.00001	Present
beta_JEOSP..0723.00002	Present
beta_KINSP..0723.00001	Present
beta_LIMSP..0723.00003	Present
beta_METFLA.0723.00001	Present
beta_METMET.0723.00001	Present
beta_METMOB.0723.00001	Present
beta_METSP..0723.00002	Present
beta_METSP..0723.00003	Present
beta_MITSP..0723.00001	Present
beta_NITMAN.0723.00001	Present
beta_PAEMON.0723.00001	Present
beta_PANNOR.0723.00001	Present
beta_PANPUL.0723.00001	Present
beta_PANVER.0723.00001	Present
beta_PARAVE.0723.00002	Present
beta_PARAVE.0723.00004	Present
beta_PARCIT.0723.00001	Present
beta_PARMEG.0723.00001	Present
beta_PAUSP..0723.00002	Present
beta_PELRAT.0723.00001	Present
beta_PIGSP..0723.00001	Present
beta_POLSP..0723.00001	Present
beta_PSEPUM.0723.00001	Present
beta_RHOKOR.0723.00001	Present
beta_THASP..0723.00002	Present
beta_VARPAR.0723.00002	Present
beta_VARPAR.0723.00004	Present
beta_VARPAR.0723.00005	Present
beta_VARPAR.0723.00008	Present
beta_VARSP..0723.00008	Present
beta_ACHDEN.0723.00002	Absent
beta_ACHINS.0723.00003	Absent
beta_ACHPES.0723.00001	Absent
beta_ACHSP..0723.00006	Absent
beta_ACISP..0723.00005	Absent
beta_ALCAMM.0723.00001	Absent
beta_ALCFAE.0723.00006	Absent
beta_AQUOLI.0723.00001	Absent
beta_AQUTER.0723.00001	Absent
beta_AZOSP..0723.00002	Absent
beta_BLODIS.0723.00001	Absent
beta_BORAVI.0723.00002	Absent
beta_BORGEN.0723.00003	Absent
beta_BORHOL.0723.00053	Absent
beta_BORPER.0723.00086	Absent
beta_BURAMB.0723.00001	Absent
beta_BURARB.0723.00001	Absent
beta_BURCEN.0723.00052	Absent
beta_BURCEP.0723.00004	Absent
beta_BURCEP.0723.00008	Absent
beta_BURCEP.0723.00009	Absent
beta_BURCEP.0723.00015	Absent
beta_BURCEP.0723.00019	Absent
beta_BURCON.0723.00001	Absent
beta_BURGLA.0723.00001	Absent
beta_BURGLU.0723.00032	Absent
beta_BURHUM.0723.00002	Absent
beta_BURMAL.0723.00024	Absent
beta_BURMET.0723.00001	Absent
beta_BURMUL.0723.00045	Absent
beta_BURPSE.0723.00110	Absent
beta_BURSEM.0723.00001	Absent
beta_BURSP..0723.00007	Absent
beta_BURSTA.0723.00003	Absent
beta_BURVIE.0723.00006	Absent
beta_CABGRI.0723.00001	Absent
beta_CABINS.0723.00001	Absent
beta_CABZHE.0723.00001	Absent
beta_CALTHE.0723.00003	Absent
beta_CANMET.0723.00001	Absent
beta_CANNIT.0723.00001	Absent
beta_CASHUI.0723.00001	Absent
beta_CHIARC.0723.00001	Absent
beta_CHRPAL.0723.00001	Absent
beta_CHRRHI.0723.00001	Absent
beta_CHRSP..0723.00001	Absent
beta_CHRVIO.0723.00002	Absent
beta_COLFUN.0723.00001	Absent
beta_COLPRA.0723.00001	Absent
beta_COMAQU.0723.00001	Absent
beta_COMKER.0723.00002	Absent
beta_COMODO.0723.00001	Absent
beta_COMSP..0723.00001	Absent
beta_CUPBAS.0723.00001	Absent
beta_CUPGIL.0723.00002	Absent
beta_CUPNEC.0723.00004	Absent
beta_CUPSP..0723.00003	Absent
beta_DECSP..0723.00001	Absent
beta_DEETAN.0723.00001	Absent
beta_DIANIT.0723.00001	Absent
beta_DIASP..0723.00006	Absent
beta_DUGDEN.0723.00001	Absent
beta_DUOMAS.0723.00001	Absent
beta_EIKEXI.0723.00001	Absent
beta_FERKUM.0723.00001	Absent
beta_FERLIM.0723.00002	Absent
beta_FLUPHO.0723.00001	Absent
beta_GLASP..0723.00001	Absent
beta_HERROB.0723.00001	Absent
beta_HERSER.0723.00005	Absent
beta_HYDPSE.0723.00001	Absent
beta_HYDTAE.0723.00001	Absent
beta_IODCIC.0723.00001	Absent
beta_IODFLU.0723.00001	Absent
beta_JANAGA.0723.00001	Absent
beta_JANSP..0723.00006	Absent
beta_KINORA.0723.00001	Absent
beta_KINSP..0723.00002	Absent
beta_LEPCHO.0723.00001	Absent
beta_LIMSP..0723.00006	Absent
beta_MASOCU.0723.00001	Absent
beta_MASVAR.0723.00001	Absent
beta_MASVIO.0723.00001	Absent
beta_MELJEJ.0723.00001	Absent
beta_METGLU.0723.00001	Absent
beta_METPAL.0723.00001	Absent
beta_METSP..0723.00004	Absent
beta_METVER.0723.00001	Absent
beta_MORCER.0723.00001	Absent
beta_MYCCYS.0723.00001	Absent
beta_NEIARC.0723.00001	Absent
beta_NEIBRA.0723.00001	Absent
beta_NEICIN.0723.00001	Absent
beta_NEIDUM.0723.00001	Absent
beta_NEIELO.0723.00004	Absent
beta_NEIGON.0723.00158	Absent
beta_NEILAC.0723.00002	Absent
beta_NEIMUC.0723.00002	Absent
beta_NEIMUS.0723.00001	Absent
beta_NEISIC.0723.00002	Absent
beta_NEIWAD.0723.00001	Absent
beta_NITEUR.0723.00001	Absent
beta_NITLAC.0723.00001	Absent
beta_NITSP..0723.00004	Absent
beta_NITURE.0723.00002	Absent
beta_OLIURE.0723.00002	Absent
beta_ORRDAI.0723.00001	Absent
beta_ORRDIO.0723.00001	Absent
beta_ORYTER.0723.00001	Absent
beta_OTTORY.0723.00001	Absent
beta_OTTTES.0723.00001	Absent
beta_OXAALI.0723.00001	Absent
beta_OXAFOR.0723.00003	Absent
beta_PAEFAE.0723.00001	Absent
beta_PALSP..0723.00001	Absent
beta_PANAPI.0723.00004	Absent
beta_PANCOM.0723.00001	Absent
beta_PANFAE.0723.00001	Absent
beta_PANFIB.0723.00001	Absent
beta_PANSP..0723.00001	Absent
beta_PARACI.0723.00001	Absent
beta_PARATL.0723.00001	Absent
beta_PARAVE.0723.00005	Absent
beta_PARCOM.0723.00002	Absent
beta_PARDIO.0723.00001	Absent
beta_PARXEN.0723.00001	Absent
beta_PAUSP..0723.00001	Absent
beta_PIGACE.0723.00001	Absent
beta_POLANT.0723.00001	Absent
beta_POLCOR.0723.00001	Absent
beta_POLDUR.0723.00001	Absent
beta_POLSP..0723.00006	Absent
beta_POLSP..0723.00008	Absent
beta_POLSP..0723.00021	Absent
beta_POLSP..0723.00024	Absent
beta_POLSP..0723.00035	Absent
beta_QUAAUS.0723.00001	Absent
beta_RALPIC.0723.00002	Absent
beta_RALSP..0723.00003	Absent
beta_RALSYZ.0723.00001	Absent
beta_RALWEN.0723.00001	Absent
beta_RHOSED.0723.00001	Absent
beta_ROSDEP.0723.00001	Absent
beta_ROSSP..0723.00001	Absent
beta_RUGARO.0723.00001	Absent
beta_RUGSP..0723.00001	Absent
beta_SERMAC.0723.00001	Absent
beta_SERRAI.0723.00001	Absent
beta_SIDLIT.0723.00001	Absent
beta_SILSP..0723.00001	Absent
beta_SNOALV.0723.00001	Absent
beta_SPHSUL.0723.00001	Absent
beta_SULHYD.0723.00001	Absent
beta_SULSP..0723.00001	Absent
beta_SULTHE.0723.00001	Absent
beta_SUTMEG.0723.00001	Absent
beta_TAYASI.0723.00001	Absent
beta_THASP..0723.00004	Absent
beta_THISP..0723.00005	Absent
beta_TURMUR.0723.00001	Absent
beta_URUTES.0723.00001	Absent
beta_USIRUG.0723.00001	Absent
beta_VARPAR.0723.00001	Absent
beta_VARSP..0723.00001	Absent
beta_VARSP..0723.00003	Absent
beta_VARSP..0723.00006	Absent
beta_VARSP..0723.00012	Absent
beta_VARSP..0723.00014	Absent
beta_VEREIS.0723.00001	Absent
beta_XYLRHO.0723.00001	Absent
